{
    "id": "001/999.99/02795",
    "AccessionCards": "056.499, 063.079, 065.670, 065.756, 066.171, 066.273, 067.306, 067.307, 067.337",
    "Date": "11-12-1990, 13-12-1990, 12-12-1990, 09-12-1990, 10-12-1990, 07-12-1997, 07-12-1990, 08-12-1990",
    "Type": "Brochure",
    "States": "जम्मू और कश्मीर, दिल्ली, मध्य प्रदेश, महाराष्ट्र, पश्चिम बंगाल",
    "Places": "Jammu, Delhi, Bhopal, Mumbai, Kolkata"
}