{
    "id": "001/999.99/03123",
    "AccessionCards": "056.295, 056.610, 061.134, 065.473, 065.598, 065.656, 065.657, 065.658, 066.172, 067.431",
    "Date": "15-12-1998, 13-12-1998, 20-12-1998, 14-12-1998, 18-12-1998, 17-12-1998, 16-12-1998, 19-12-1998",
    "Type": "Brochure",
    "States": "गोआ, तमिलनाडु, दिल्ली, मध्य प्रदेश, महाराष्ट्र, पश्चिम बंगाल",
    "Places": "Chennai, Delhi, Bhopal, Mumbai, Kolkata"
}